Document Name,title,published Year,aim,objectives,research questions,methodology,model used,conclusion,further areas of research
,Non-Inclusive Online Security: Older Adults' Experience with Two-Factor Authentication,,To investigate the usability and adoption challenges of hardware-based Two-Factor Authentication (2FA) security keys among older adults (≥ 60 years) to understand digital security exclusion.,"1. Evaluate older adults' sustained (non)usage of 2FA keys over a 30-day period.
2. Identify physical, cognitive, and procedural halt points during key setup and daily authentication.
3. Propose inclusive design modifications and conceptualize support models ('Security Caregivers') to preserve digital independence.",,"Qualitative usability field study with N=10 older adults (≥ 60 years) across 30 days. Employed a think-aloud protocol during registration, initial semi-structured interview and survey, a 30-day in-situ trial using Yubico Security Keys (U2F/FIDO2), and a 1-month follow-up survey.",,"Hardware security keys suffer from non-inclusive physical design (small form factors, difficult ports), lack of perceived tangible benefits, inconsistent cross-service instructions, and device dependencies. Introduces the concept of 'Security Caregivers' to provide trusted, bounded technical assistance without compromising user autonomy.",
,All About Phishing: Exploring User Research through a Systematic Literature Review,,"To synthesize user-centered phishing literature, evaluate how human factors are investigated, and identify pervasive methodological gaps and recruitment biases in usable security research.","1. Conduct a systematic literature review of peer-reviewed phishing papers in the ACM Digital Library (2004–2019).
2. Determine the proportion and characteristics of studies employing empirical user methodologies.
3. Analyze participant demographic reporting rigor, recruitment biases, and intervention types (warnings, training, games).",,"Systematic Literature Review (SLR) covering 2004–2019 in the ACM Digital Library. Filtered N=367 total phishing papers, identifying n=51 (13.9%) user studies. Conducted thematic coding across participant demographics, methodology types (surveys, interviews, lab experiments), and warning/training interventions.",,"User-focused research is severely underrepresented (only 13.9% of phishing literature). Furthermore, existing user studies suffer from pervasive underreporting of participant demographics (sample size, background) and heavy recruitment biases (over-reliance on university students). Most studies focus on technical detection tools rather than understanding underlying mental models.",
,Humans and Technology for Inclusive Privacy and Security,,To establish an interdisciplinary research agenda addressing sociotechnical vulnerabilities and non-inclusive design in cybersecurity and privacy for marginalized populations.,"1. Examine sociotechnical vulnerabilities arising from non-inclusive security/privacy design.
2. Explore value-sensitive design frameworks for vulnerable groups (older adults, adolescents, persons with disabilities).
3. Formulate human factors and ergonomics (HFE) principles for accessible cybersecurity tools.",,"Expert panel presentation and consensus methodology organized by the HFES Cybersecurity Technical Group, featuring 7 leading researchers across HCI, usable security, and cognitive engineering, synthesizing findings across multiple empirical case studies (smart toys, 2FA for elders, password sharing).",,"Cybersecurity guidance traditionally treats users as a monolithic, technologically proficient group, creating severe exclusion for older adults, youth, and disabled individuals. Inclusive security requires acknowledging cognitive, physiological, and social differences rather than enforcing rigid, one-size-fits-all security mandates.",
,Location Data and COVID-19 Contact Tracing: How Data Privacy Regulations and Cell Service Providers Work In Tandem,,To evaluate the tension between public health mobile location tracking for COVID-19 contact tracing and user data privacy protections under major global privacy regulations and cellular service provider policies.,"1. Evaluate how major privacy legislations (GDPR, CCPA, COPPA, HIPAA, FERPA, CalOPPA) govern Mobile Location Data (MLD).
2. Audit the privacy policies of five leading U.S. Cellphone Service Providers (CSPs: AT&T, Verizon, T-Mobile, Sprint, Boost Mobile).
3. Identify regulatory compliance gaps and provide privacy-preserving contact tracing recommendations.",,"Comparative policy and regulatory compliance analysis. Mapped 6 major data privacy frameworks against the privacy policies and data handling disclosures of 5 major U.S. CSPs across 10 evaluation parameters (data definition, third-party sharing, opt-out mechanisms, retention, encryption).",,"Three regulations (GDPR, COPPA, CCPA) explicitly classify mobile location data as private personal information. Two of the five CSPs (T-Mobile US and Boost Mobile) exhibited non-compliance with COPPA regarding location tracking of minors. Significant opacity exists in CSP data-sharing practices with third parties and government entities.",
,User Perception and Actions Through Risk Analysis Concerning Cookies,,To assess user awareness and risk perception regarding first- and third-party web cookies and evaluate the effectiveness of participatory risk communication interventions on browsing privacy behaviors.,"1. Design informative educational artifacts (videos and learning website) using participatory design.
2. Conduct a controlled experiment comparing a control group with an intervention group.
3. Measure changes in risk perception, threat valuation, and privacy-protective actions regarding targeted advertising and cookies.",,Mixed-methods experimental study. Phase 1: Participatory design workshop (N=15) to co-create educational videos and website. Phase 2: Controlled survey experiment with N=68 participants divided into Control Group (n=30) and Experimental Group (n=38) who engaged with the educational material before answering risk assessment questions.,,"Users have low baseline knowledge regarding cookie tracking despite having technical backgrounds. Educational risk communication significantly elevated threat awareness: ~68.4% of the experimental group recognized cookies as a moderate-to-severe threat compared to only 38.9% in the control group, resulting in higher intent to block trackers and conceal location.",
,A Transcontinental Analysis of Account Remediation Protocols of Popular Websites,,"To conduct the first global, transcontinental empirical audit of account remediation protocols across popular websites to evaluate the availability, completeness, and disparity of guidance provided to users with compromised accounts.","1. Establish an account remediation evaluation framework covering five core phases.
2. Audit the top 50 popular websites across 30 countries in 5 continents (Africa, Americas, Asia, Europe, Oceania; N=1,500 websites evaluated).
3. Analyze regional disparities in remediation advice, especially between Global North and Global South.",,"Quantitative empirical web audit. Evaluated the top 50 websites across 30 countries (6 countries per continent) using SimilarWeb rankings. Analyzed 5 distinct remediation stages: Compromise Discovery, Account Recovery, Access Limitation, Service Restoration, and Prevention. Utilized automated and manual inspection with multi-language translation.",,"Remediation advice is severely lacking globally, with presence ranging from 37% to 77%. Significant geopolitical disparities exist: websites in the Global South (particularly Africa and Oceania) offer significantly less remediation guidance and fewer robust authentication recovery options (relying almost solely on basic email verification without MFA).",
,SoK: Evaluating Privacy and Security Concerns of Using Web Services for the Disabled Population,,"To systematize knowledge regarding the privacy and security challenges faced by disabled individuals navigating modern web services, focusing on authentication barriers, accessibility standards, and inclusive design paradigms.","1. Synthesize peer-reviewed literature at the intersection of disability accessibility and web security/privacy.
2. Examine usability failures of standard authentication mechanisms (e.g., CAPTCHAs, MFA) for disabled users.
3. Propose guidelines for universal, accessible, and privacy-preserving web architectures.",,"Systematization of Knowledge (SoK) using a Systematic Literature Review of N=63 peer-reviewed articles selected through multi-database querying (ACM, IEEE, Google Scholar), multi-phase screening (title, abstract, full-text), and thematic synthesis across 6 primary themes.",,"A severe disparity exists at the intersection of security and disability: security controls (especially visual CAPTCHAs and rigid multi-factor schemes) disproportionately disenfranchise disabled individuals. Privacy concerns are heightened due to reliance on assistive tech and third-party caregivers, which often leak sensitive data or require credential sharing.",
,SoK: Analysis of User-Centered Studies Focusing on Healthcare Privacy & Security,,"To synthesize empirical user-centered research in healthcare data privacy and security to understand user perceptions, behaviors, and vulnerabilities regarding protected health information.","1. Systematically review user studies addressing patient and practitioner healthcare data privacy/security.
2. Identify core recurring themes and discourse gaps using card sorting.
3. Develop recommendations for human-centered healthcare security interventions.",,"Systematic Literature Review across 7 digital repositories (ACM DL, Google Scholar, SSRN, ScienceDirect, IEEE Xplore, PubMed, MEDLINE) resulting in N=129 candidate papers and n=26 focused user-study papers. Conducted an open and closed card-sorting exercise with researchers to extract and structure 12 thematic clusters.",,"The analysis identified 12 core themes (including Data Sharing, Risk Awareness, Privacy, Regulatory Compliance). Research heavily concentrates on patient willingness to share data and portal access, while neglecting vulnerable subgroups (pediatric, geriatric, disabled patients), clinical workflow constraints, and practitioner burden in maintaining compliance.",
,Evaluating the Security and Privacy Risk Postures of Virtual Assistants,,"To quantitatively evaluate the technical security vulnerabilities, permissions architecture, and privacy leakage risks across leading commercial and open-source virtual voice assistants (VAs).","1. Conduct static code and binary vulnerability analysis across 8 major virtual assistants.
2. Evaluate requested permissions, attack surfaces, and third-party tracking libraries.
3. Identify insecure cryptographic implementations and sensitive data handling practices.",,"Multi-tool automated static security audit and permission inspection across 8 Android-based virtual assistants: Alexa, Braina, Cortana, Google Assistant, Kalliope, Mycroft, Hound, and Extreme. Assessed five security domains: code quality, access control, tracking, binary analysis, and sensitive data confidentiality.",,"Virtual assistants are riddled with critical security vulnerabilities: failure to validate SSL certificates, execution of raw SQL queries vulnerable to injection, reliance on weak AES encryption modes (e.g., AES-ECB), extensive over-privileged permissions (especially microphone and location), and widespread third-party tracking integrations.",
,Understanding Professional Needs to Create Privacy-Preserving and Secure Emergent Digital Artworks,,"To explore how interactive and emergent digital art installations handle audience surveillance and data capture, and identify the tools, guidelines, and frameworks media artists and cybersecurity experts need to design privacy-preserving immersive art.","1. Investigate current data collection practices in immersive art installations (cameras, depth sensors, biometric trackers).
2. Identify practitioner needs and technical knowledge gaps regarding security and privacy.
3. Formulate a set of privacy parameters to guide development of secure media arts software.",,Qualitative pilot study employing semi-structured in-depth interviews with 5 senior practitioners (2 interactive media artists and 3 cybersecurity experts). Conducted qualitative thematic coding to extract key operational parameters.,,"Media artists actively collect rich biometric, kinetic, and spatial participant data but lack formal cybersecurity knowledge and threat modeling tools. Practitioners strongly advocate for transparent opt-in mechanics, minimal data storage, and using immersive art itself as an experiential medium for public privacy education.",
,"Design of Secure, Privacy-focused, and Accessible E-Payment Applications for Older Adults",,"To design, prototype, and empirically evaluate a secure, privacy-preserving, and accessible mobile electronic payment application tailored specifically to the functional needs and preferences of older adults (aged 60+).","1. Develop a high-fidelity e-payment prototype integrating co-design findings.
2. Conduct an empirical evaluation with 400 older adults.
3. Assess preferences regarding authentication modes (MFA vs single-mode), QR-code interactions, and privacy disclosures.",,"Quantitative and qualitative survey-based user study with N=400 older adults (≥60 years) evaluating an interactive high-fidelity mobile prototype with features like MFA, QR-code recipient adding, and privacy settings, followed by iterative refinement into a beta-version.",,"91% of older adults overwhelmingly preferred traditional knowledge-based, single-mode authentication (passwords/PINs) over expert-recommended MFA due to complexity and cognitive load. Older adults demand transparent transaction summaries, simplified confirmation flows, and accessible visual design.",
,Securing the Web: Analysis of HTTP Security Headers in Popular Global Websites,,"To provide a large-scale empirical audit of the implementation, compliance, and strength of HTTP security headers across the world's most visited websites across diverse industry categories.","1. Categorize top global websites into functional domains using NLP.
2. Evaluate implementation of 12 critical HTTP security headers (HSTS, CSP, X-Frame-Options, SRI, etc.) using automated scanning.
3. Quantify security score disparities across industry sectors (e-commerce, banking, healthcare, government).",,"Large-scale empirical scanning of N=3,195 websites selected from the top 10,000 Tranco list. Applied Google Cloud NLP for automated categorization into 27 functional sectors (validated via Symantec Sitereview). Conducted automated header evaluation using Mozilla Observatory CLI across 12 security header rules.",,"Over half of the websites examined (55.66%) failed the audit with a dismal grade of 'F'. Critical headers such as Content Security Policy (CSP), HTTP Strict Transport Security (HSTS), and Subresource Integrity (SRI) are heavily neglected. Alarmingly, healthcare websites (n=59) scored the lowest average score (18.14/100) despite managing sensitive patient data.",
,Multi-Tool Analysis of User Interface & Accessibility in Deployed Web-Based Chatbots,,"To conduct a comprehensive multi-tool diagnostic evaluation of the user interface quality, accessibility adherence, and performance standards of deployed web-based conversational agents.","1. Evaluate 106 live, deployed web chatbots across healthcare, education, customer service, and e-commerce.
2. Compare automated accessibility tools against manual inspection standards.
3. Identify systemic WCAG violations and formulate design recommendations for accessible conversational UI.",,"Dual-mode auditing of N=106 deployed web-based chatbots (standalone and embedded widgets). Used automated tools (Google Lighthouse, PageSpeed Insights, SiteImprove Accessibility Checker) combined with manual accessibility inspections using Microsoft Accessibility Insights across WCAG 2.1 AA criteria.",,"Over 80% of deployed chatbots have critical accessibility defects, and 45% suffer from broken semantic structures or ARIA role misuses that render them unusable with screen readers. While accessibility scores correlated strongly between tools (r = 0.861), performance scores did not (r = 0.436), proving single-tool audits are insufficient.",
,Security and Privacy Assessment of U.S. and Non-U.S. Android E-Commerce Applications,,"To assess and compare the software security postures, cryptographic robustness, and privacy permission practices of top-grossing Android e-commerce mobile applications between the U.S. and international markets.","1. Audit 92 popular e-commerce Android apps (58 U.S. and 34 non-U.S.).
2. Evaluate vulnerabilities in code, manifests, SSL/TLS, and network configurations.
3. Assess regional differences in privacy compliance under GDPR and CCPA.",,"Static application security testing (SAST) and privacy analysis of N=92 top-grossing Android e-commerce apps (58 U.S., 34 non-U.S.) downloaded from Google Play Store. Evaluated using MobSF, AndroBugs, and RiskInDroid across manifest analysis, code vulnerabilities, certificate validation, and permission profiling.",,"Widespread security and privacy vulnerabilities persist globally: ~92% of apps utilized insecure HTTP traffic, average MobSF score was an alarming 40.92/100, and 77 apps had over-privileged permissions. U.S. apps performed slightly better with fewer manifest and code flaws, while EU apps exhibited more 'ghost permissions' despite GDPR.",
,Privacy Discourse and Emotional Dynamics in Mental Health Information Interaction on Reddit,,To quantify the relationship between user emotional sentiment and privacy discussions within online mental health peer-support communities on Reddit.,"1. Scrape and assemble a large-scale corpus of mental health and regulatory Reddit discourse.
2. Apply sentiment analysis and semantic cosine similarity to measure emotional alignment across subreddits.
3. Perform temporal trend analysis of privacy and regulatory awareness (HIPAA, GDPR) from 2020 to 2025.",,"Computational text-mining and discourse analysis across 14 subreddits (10,119 posts, 65,385 comments) collected via custom web scraper spanning 2020–2025. Conducted lexicon-based sentiment analysis, sentiment vector cosine similarity, and keyword dictionary tagging for privacy/regulations (HIPAA, GDPR).",,"Privacy discussions increased by 50% from 2020 to 2025, driven by regulatory changes and privacy breaches. Emotional distributions aligned closely between related disorders (Bipolar & ADHD: 0.877; Anxiety & Depression: 0.849). Discussions of health privacy strongly co-occur with heightened negative sentiment and vulnerability.",
,NLP Privacy Risk Identification in Social Media (NLP-PRISM): A Survey,,"To systematically characterize and identify privacy risks, vulnerabilities, and mitigation strategies across major Natural Language Processing (NLP) tasks applied to social media data.","1. Formulate the NLP-PRISM evaluation framework spanning six vulnerability dimensions.
2. Conduct an exhaustive survey of 203 peer-reviewed studies across six core NLP tasks.
3. Quantify utility-privacy trade-offs under privacy-preserving fine-tuning (DP, FL).",,"Comprehensive systematic survey reviewing 3,982 papers and filtering down to N=203 peer-reviewed studies. Evaluated attack vulnerabilities including Membership Inference Attacks (MIA), Attribute Inference Attacks (AIA), training data memorization, and fairness/bias distortions across transformer architectures (BERT, RoBERTa, LLaMA).",,"Transformers achieve strong task performance (F1: 0.58–0.84) but leak sensitive personal attributes (AIA accuracy 0.75, MIA AUC 0.81). Applying privacy-preserving mechanisms (e.g. DP) causes a 1%–23% drop in F1-score and a 2%–9% utility penalty. Significant research gaps exist in code-mixed and non-English social media privacy defenses.",
,NLP Privacy Risk Identification in Social Media (NLP-PRISM): A Survey (Duplicate),,"To systematically characterize and identify privacy risks, vulnerabilities, and mitigation strategies across major Natural Language Processing (NLP) tasks applied to social media data (Identical duplicate of 2602.15866v1 (1).pdf).","1. Formulate the NLP-PRISM evaluation framework spanning six vulnerability dimensions.
2. Conduct an exhaustive survey of 203 peer-reviewed studies across six core NLP tasks.
3. Quantify utility-privacy trade-offs under privacy-preserving fine-tuning.",,"Comprehensive systematic survey reviewing 3,982 papers and filtering down to N=203 peer-reviewed studies. Evaluated attack vulnerabilities including Membership Inference Attacks (MIA), Attribute Inference Attacks (AIA), and training data memorization.",,"Transformers leak sensitive personal attributes (AIA accuracy 0.75, MIA AUC 0.81). Applying differential privacy causes a 1%–23% drop in F1-score and utility penalties.",
,Poster: Understanding Privacy Concerns of WhatsApp Users in India,,"To investigate the risk perceptions, privacy feature usage, and behavioral controls of Indian WhatsApp users on mobile messaging platforms.","1. Survey Indian WhatsApp users regarding specific privacy controls (Last Seen, Read Receipts, Live Location, Profile Picture).
2. Evaluate user attitudes toward targeted ads, data sharing, and unsolicited group additions.
3. Propose actionable design and policy recommendations for mobile instant messaging (MIM).",,"Empirical survey-based user study with N=213 Indian WhatsApp users evaluating privacy attitudes, feature adoption rates, and contact-sharing behaviors.",,"73.24% of users actively used the blocking feature, while Live Location was least utilized (27.91%). 90.57% kept Read Receipts enabled and 63.46% displayed their profile pictures, revealing feature-specific risk thresholds. Users strongly objected to being added to groups without consent and feared commercial data exploitation.",
,Techies Against Facebook: Understanding Negative Sentiment Toward Facebook via User Generated Content,,To uncover the underlying factors and drivers behind negative sentiment and non-use practices toward social media platforms (specifically Facebook) among technically savvy users.,"1. Gather and analyze naturalistic, unsolicited reader comments on tech-focused platforms (Slashdot and Schneier on Security).
2. Conduct rigorous qualitative coding to categorize drivers of negative sentiment.
3. Map the relationship between negative sentiment, privacy violations, and technology non-use behaviors.",,"Naturalistic computational and qualitative text analysis of N=3,000 user comments extracted from Facebook-related discussions on two technology blogs (Slashdot and Schneier on Security) spanning multiple years, utilizing iterative inductive coding and sentiment classification.",,"Nearly 45% of reader comments expressed explicit negative sentiment. Three primary pillars drive negative sentiment: (1) Privacy and Security (behavioral tracking, third-party data sharing, lack of control); (2) User Experience (manipulative algorithms, low-quality content, platform lock-in); and (3) Personal Disposition (philosophical rejection of surveillance capitalism, ethical concerns). Negative sentiment acts as an explicit precursor to complete or partial non-use.",
,Modularity is the Key: A New Approach to Social Media Privacy Policies,,"To address the failure of monolithic, all-or-nothing social media privacy policies by proposing a Modularized Privacy Policy Model (MPPM) that aligns policy agreements directly with specific platform functionalities.","1. Critique the readability and binary take-it-or-leave-it nature of social media privacy policies (focusing on Facebook).
2. Conceptualize and design the Modularized Privacy Policy Model (MPPM).
3. Establish a service-policy mapping framework that permits users to opt into specific features while preserving data minimization.",,"Conceptual architectural design, usability modeling, and structural policy decomposition of Facebook's privacy policy, mapping legal clauses to individual services (e.g., photo sharing, location check-in, messaging).",,"Monolithic privacy policies force users into an unfair trade-off between total consent and service exclusion. The MPPM enables users to select specific service modules, denying data collection for unused features without forfeiting the entire application, while providing developers with a streamlined compliance mapping framework.",
,Social Media Misinformation and Voting Intentions: Older Adults' Experiences with Manipulative Narratives,,"To investigate how older adults conceptualize, discern, and contextualize political misinformation on social media, specifically examining the interplay between voting intentions and cognitive discernment strategies.","1. Survey older adults (n=119) and interview a subset (n=21) regarding encounters with election misinformation.
2. Analyze differences in perceived misinformation purpose based on political alignment (Democrat vs. Republican).
3. Identify cognitive heuristics, analytical thinking, and verification mechanisms older adults employ to assess narrative truthfulness.",,"Mixed-methods empirical study combining an online quantitative survey (n=119 older adults aged 60+) with in-depth semi-structured qualitative interviews (n=21). Applied rigorous codebook-based thematic analysis, chi-square tests, and cross-tabulation.",,"Older adults are not passive victims of fake news; they actively deploy analytical fact-checking and source heuristics. Marked partisan divergence emerged: 62% of Democrat voters perceived manipulative political motives behind misinformation versus 5% of Republicans. 74% of Democrats expressed severe alarm over misinformation escalating political extremism, whereas Republicans framed misinformation primarily as a reflection of media bias and free speech tension.",
,POSTER: VeilPIR: A Lightweight Private Information Retrieval Protocol for Enhancing Data Privacy in IoT Ecosystems,,"To design, implement, and benchmark a lightweight single-server Private Information Retrieval (PIR) protocol tailored for resource-constrained, low-power IoT sensor devices.","1. Overcome the extreme computational and memory overhead of existing homomorphic encryption/PIR schemes.
2. Develop VeilPIR, shifting heavy cryptographic computation to untrusted servers while keeping client operations minimal.
3. Implement and empirically evaluate VeilPIR under simulated IoT wireless conditions (BLE, Wi-Fi).",,"Cryptographic protocol design and systems implementation in Python/Flask. Tested on simulated IoT microcontroller client and cloud server across database sizes ranging from 10 to 1,000 records. Evaluated round-trip time (RTT), ciphertext payload size, and energy consumption per query.",,"VeilPIR achieved a 900 ms round-trip time for 1,000 database records with energy consumption strictly below 1 Joule per query on IoT clients. The protocol supports live database record insertions and deletions without requiring complete database re-encryption.",
,Starting with DEI and Ethics - A New First-Year College Computer Science Introduction,,"To restructure introductory undergraduate computer science education by embedding Diversity, Equity, Inclusion (DEI) and ethical reasoning from day one in a required first-year course.","1. Design and deploy an 18-session discussion-based introductory CS course running concurrently with programming.
2. Dedicate 5 full modules to computing ethics, algorithmic bias, systemic inequality, and DEI.
3. Empirically assess longitudinal student shifts in attitudes, awareness, and sense of belonging over 3 academic years.",,Longitudinal quasi-experimental educational intervention conducted across three consecutive academic years (2022–2024) at the University of Denver. Evaluated pre-course and post-course survey data from N=451 undergraduate CS students using validated psychological scales of belonging and ethical reasoning.,,"Early integration of ethics and DEI significantly elevated students' awareness of algorithmic bias and societal impacts without detracting from core technical preparation. Underrepresented students reported higher self-efficacy, increased retention, and a measurably stronger sense of departmental belonging.",
,Exploring gender biases in ML and AI academic research through systematic literature review,,"To systematically analyze how gender bias manifests, is detected, and is mitigated across academic machine learning and artificial intelligence literature.","1. Execute a systematic review of peer-reviewed AI/ML literature on gender bias.
2. Categorize bias manifestations across NLP, computer vision, recommendation systems, and automated decision-making.
3. Synthesize state-of-the-art debiasing techniques and formulate an end-to-end fairness framework.",,"Systematic Literature Review (SLR) querying major databases (IEEE Xplore, ACM DL, Google Scholar, ScienceDirect, SpringerLink). Screened and analyzed peer-reviewed studies published between 2010 and 2022, extracting data representations, evaluation metrics, and bias mitigation methodologies.",,Gender bias is deeply embedded across multimodal AI pipelines—from toxic training dataset stereotypes and biased word embeddings in NLP to facial recognition inaccuracies for women of color. Current debiasing methods often sacrifice model utility or fail to generalize outside benchmark datasets.,
,Towards Implementing Inclusive Authentication Technologies for Older Adults,,"To investigate the usability barriers, mental models, and adoption challenges of modern Two-Factor Authentication (2FA) technologies—specifically hardware security keys—among older adults.","1. Evaluate older adults' interaction with FIDO U2F Yubico Security Keys.
2. Identify physical, cognitive, and procedural halt points during key setup and daily usage.
3. Develop inclusive authentication guidelines for organizations safeguarding older adults' assets.",,"Qualitative usability study involving N=10 older adults (>60 years) using pre-surveys, think-aloud protocol during registration/setup of Yubico FIDO U2F keys, semi-structured interviews, and follow-up usability evaluations.",,"Older adults face a negative feedback loop: lack of inclusive design (tiny form factors, obscure USB-A/C ports, browser dependency, lack of visual/tactile feedback) causes frustration and non-adoption, leading vendors to neglect this demographic. Tangible benefits of 2FA are poorly communicated, causing elders to revert to insecure passwords.",
,Smart Devices for Smart Cities in India: Exploring Security Vulnerabilities of E-Waste Management,,"To investigate the data security, privacy vulnerabilities, and hazardous electronic waste threats arising from the improper disposal, refurbishment, and second-hand trading of smart devices within India's emerging Smart Cities.","1. Assess the lifecycle and disposal pathways of smart devices (smartphones, tablets, smart toys) in urban India.
2. Uncover personal data leakage vectors in informal second-hand markets.
3. Formulate a sustainable, security-focused lifecycle framework for smart city e-waste.",,"Mixed-methods study combining supply-chain lifecycle analysis with user and vendor interviews in informal second-hand electronics markets in Kolkata, India. Examined 3 device categories: smartphones, tablets, and smart toys.",,"The rapid influx of smart devices in Indian smart cities is feeding an unregulated informal second-hand market where devices are refurbished without data sanitization. Residual personal data (credentials, photos, financial records) is routinely extracted, while counterfeit component mixing compromises hardware integrity.",
,Study Exploring Security Threats in Waste Phones: A Lifecycle Based Approach,,"To analyze the security vulnerabilities, data exposure risks, and hardware attack vectors associated with discarded and end-of-life mobile phones (small WEEE) traversing informal recycling and refurbishment supply chains.","1. Map the supply chain of waste mobile phones from initial disposal through informal repair and second-hand resale.
2. Identify technical attack vectors (chip-level, PCB-level, and software reverse engineering) used to recover residual user data.
3. Develop a secure end-of-life device management model.",,"Comprehensive lifecycle analysis and technical threat modeling of mobile phone Waste Electrical and Electronic Equipment (WEEE). Examined hardware reverse engineering literature (chip-level, PCB stripping, software extraction) and evaluated informal recycling practices.",,"Conventional e-waste policies focus exclusively on environmental toxicity and precious metal recovery, completely ignoring data security. Less than 5% of mobile phones reach formal recyclers; the vast majority enter informal repair markets where simple software tools and chip-off forensics recover private credentials, emails, and photos.",
,Privacy Preserving Policy Framework: User-Aware and User-Driven,,"To propose a user-aware, user-driven Privacy Preserving Policy Framework (P3F) that replaces take-it-or-leave-it online privacy policies with flexible, service-specific negotiation mechanisms.","1. Critically evaluate the structural and cognitive failures of monolithic privacy policies.
2. Design a modular framework that decomposes policies into discrete functional services.
3. Enable users to grant selective consent, enforcing data minimization while maintaining access to non-consented features.",,"Analytical policy modeling and architectural design. Deconstructed legal clauses from representative social media and e-commerce platforms, mapping each clause to functional web components, and establishing an operational framework for selective service gating.",,"Monolithic binary consent invalidates meaningful privacy self-management. P3F empowers users to negotiate data exchange on an equal footing, ensuring that choosing not to share location or contacts only disables those specific features without locking users out of the core platform, strictly honoring data minimization.",
,User-Centered Risk Communication for Safer Browsing,,"To design, deploy, and empirically evaluate a holistic, user-centered risk-management web browser tool that leverages metaphorical cartoon visualizations to enhance user risk perception and phishing defense.","1. Develop an integrated browser toolbar combining script blocking, tracker disabling, SSL warnings, and visual risk metaphors.
2. Conduct a 4-week in-situ naturalistic trial measuring tool adoption and risk reduction.
3. Test phishing detection efficacy under simulated real-world cognitive stress in a controlled laboratory experiment.",,"Two-phase mixed-methods experimental evaluation. Phase 1: 4-week naturalistic longitudinal field deployment with control and experimental groups tracking live browser settings, script permissions, and unfamiliar site alerts. Phase 2: Controlled in-lab phishing detection trial with cognitive stress manipulation (time constraints, multitasking).",,"The metaphorical risk tool significantly improved safe browsing behaviors: longitudinal users ran fewer risky scripts, disabled iFrames, reduced tracking, and escalated safe habits weekly. In the lab, the tool dramatically boosted phishing detection rates, successfully maintaining user vigilance even under high cognitive stress conditions.",
,Change-Point Analysis of Cyberbullying-Related Twitter Discussions During COVID-19,,To investigate the epidemiological surge in cyberbullying discourse on Twitter during the onset of the COVID-19 pandemic using statistical change-point analysis.,"1. Collect and curate a comprehensive dataset of cyberbullying-related public tweets during the pandemic transition.
2. Aggregate daily frequency counts across multiple cyberbullying and harassment keywords.
3. Identify statistically significant structural breaks and change-points linked to global pandemic milestones.",,"Quantitative time-series data mining and statistical modeling of N=454,046 public cyberbullying-related tweets collected between January 1, 2020, and June 7, 2020. Aggregated into daily time-series counts across specific cyberbullying keywords and applied change-point detection algorithms.",,"Statistically significant structural change-points were detected across almost all cyberbullying keywords, clustered predominantly in late March 2020. This timing directly corresponds with the declaration of national emergencies, school closures, and stay-at-home mandates, empirically linking social crisis confinement to heightened digital harassment discourse.",
,Evaluating the Impact of COVID-19 on Cyberbullying through Bayesian Trend Analysis,,To quantify the causal impact of COVID-19 lockdown interventions on the volume and trend of cyberbullying conversations on Twitter using Bayesian structural time-series modeling.,"1. Mine longitudinal Twitter data spanning pre-pandemic and peak pandemic periods.
2. Construct a synthetic counterfactual baseline of cyberbullying tweet volume.
3. Measure the causal effect and posterior probability of pandemic-induced surges in online toxicity.",,"Advanced Bayesian causal inference on a longitudinal dataset of over 450,000 cyberbullying-related tweets (Jan–June 2020). Utilized daily frequency tracking across semantic keywords and built counterfactual projections using pre-lockdown historical trends.",,"Bayesian causal analysis confirmed a statistically significant positive surge in cyberbullying discourse following stay-at-home orders (posterior tail-area probability p < 0.001). The relative increase in daily cyberbullying discussions exceeded 35% above the synthetic counterfactual baseline, persisting throughout the lockdown period.",
,Evaluating the Impact of COVID-19 on Cyberbullying through Bayesian Trend Analysis (Duplicate),,To quantify the causal impact of COVID-19 lockdown interventions on cyberbullying conversations on Twitter using Bayesian structural time-series modeling (Identical duplicate of ssrn-3669424 (1).pdf).,"1. Mine longitudinal Twitter data spanning pre-pandemic and peak pandemic periods.
2. Construct a synthetic counterfactual baseline of cyberbullying tweet volume.
3. Measure the causal effect and posterior probability of pandemic-induced surges in online toxicity.",,"Advanced Bayesian causal inference on over 450,000 cyberbullying-related tweets (Jan–June 2020). Built counterfactual projections using pre-lockdown historical trends.",,"Confirmed a statistically significant positive surge in cyberbullying discourse following stay-at-home orders (p < 0.001), exceeding 35% above the counterfactual baseline.",
,My Account Is Compromised — What Do I Do? Towards an Intercultural Analysis of Account Remediation,,"To formulate an intercultural, cross-national research agenda investigating how account remediation protocols and recovery advice vary across different linguistic, regulatory, and cultural web ecosystems.","1. Propose an intercultural framework for evaluating website account recovery and remediation advice.
2. Identify cultural and linguistic biases in existing usable security remediation literature.
3. Establish standardized evaluation metrics for cross-border account restoration audits.",,"Conceptual framework development, pilot empirical website sampling, and intercultural comparative methodology design. Examined remediation guidance across multilingual portals in Europe, North America, and Asia.",,"Account remediation advice is heavily Western-centric, with substantial translation deficiencies, missing localized guidance, and differing assumptions about user technical literacy and device ownership across cultural domains, leaving international users disproportionately vulnerable after compromises.",
,A Call for a New Privacy & Security Regime for IoT Smart Toys,,"To investigate the complex privacy, cybersecurity, and physical safety risks posed by Internet of Things (IoT) smart connected toys, and advocate for an updated regulatory and design governance regime to protect children and families.","1. Audit technical security vulnerabilities (unauthenticated Bluetooth, insecure Wi-Fi, unencrypted voice recordings) in commercial smart toys.
2. Evaluate parent and caregiver mental models, threat awareness, and consent practices.
3. Propose comprehensive regulatory updates to COPPA and GDPR and establish a dedicated IoT toy security standard.",,"Mixed-methods approach combining hardware/software vulnerability testing of popular smart toys (e.g., smart bears, connected dolls) with empirical parent surveys and an in-depth regulatory policy review of COPPA, GDPR-K, and FTC enforcement actions.",,"Smart toys suffer from egregious security flaws: unauthenticated Bluetooth pairing allowing nearby eavesdroppers to speak directly to children, cloud storage leaks of children's voice recordings, and extensive third-party tracker integration. COPPA's notice-and-consent framework is fundamentally ill-equipped for conversational IoT toys that continuously record ambient audio.",
,Security and Privacy Evaluation of Popular Augmented and Virtual Reality Technologies,,To systematically evaluate the security and privacy postures of the 10 most popular commercial Augmented Reality (AR) and Virtual Reality (VR) hardware devices and consumer applications.,"1. Audit 10 widely used AR/VR platforms across gaming, education, healthcare, and retail.
2. Assess five critical dimensions: device authentication, user profiling, access control, database/cloud storage security, and sensory data capture.
3. Highlight vulnerabilities and provide actionable engineering recommendations for immersive technologies.",,"Comprehensive multi-platform security audit and threat analysis of 10 prominent AR/VR platforms: Microsoft HoloLens, Meta Oculus, Google Glass, Valve Index, HTC Vive, Raptor AR, Psious (Amelia), Magic Leap, Epson Moverio, and IKEA Place AR. Evaluated authentication, sensor permissions, and data-in-transit encryption.",,"Popular AR/VR platforms suffer from critical security shortcomings: lack of robust device authentication (frequently relying on simple PINs or no lock screen), extensive unconstrained sensor data capture (ambient spatial scanning, eye tracking, biometric telemetry), and opaque cloud synchronization with minimal user access controls.",
,Understanding User Perspective in a University Setting to Improve Biometric Authentication Adoption,,"To evaluate user attitudes, usability experiences, and security/privacy concerns regarding biometric authentication on personal devices within a university student population to formulate adoption-enhancing design improvements.","1. Assess the prevalence of biometric authentication adoption (fingerprint, Face ID, voice/iris) among university students.
2. Identify perceived security vulnerabilities, shoulder-surfing concerns, and false rejection issues.
3. Develop user-centered design and security enhancements to bolster biometric adoption.",,"Empirical survey-based user study with N=38 university students evaluating daily lock-screen habits, technical experience, biometric modality usage (fingerprint, Face ID), shoulder-surfing protective behaviors, and fear of unauthorized account access.",,"Usability and unlocking speed are the overwhelming primary motivators for biometric adoption. However, significant user concerns persist regarding losing access to accounts, false recognition, and involuntary biometric unlock while asleep or under duress. 48.8% of users noted annoyance with unlocking failures in challenging conditions (masks, lighting).",
,"Privacy, Security, and Usability Tradeoffs of Telehealth from Practitioners' Perspectives",,"To investigate the complex trade-offs between cybersecurity, patient data privacy, system usability, and accessibility experienced by specialized medical practitioners using telehealth technologies post-COVID-19.","1. Conduct in-depth qualitative interviews with private practice audiologists and speech-language pathologists (SLPs).
2. Identify operational hurdles in maintaining HIPAA compliance during remote therapy.
3. Uncover practitioner challenges when delivering care to vulnerable populations (pediatric, geriatric, hearing-impaired).",,Qualitative empirical study consisting of N=20 semi-structured interviews with private telehealth practitioners (10 audiologists and 10 speech-language pathologists across the U.S. with at least two years of continuous telehealth experience). Analyzed via iterative thematic coding.,,"Allied healthcare practitioners are deeply committed to patient privacy but lack the institutional IT support, financial resources, and technical training required to verify HIPAA compliance. Practitioners are forced to compromise security for usability, often utilizing commercial consumer video conferencing tools to ensure accessibility for older and disabled patients.",
,Assessing ChatGPT's Efficacy in Interpreting Privacy Policies,,"To quantitatively evaluate the efficacy of Large Language Models (specifically GPT-4) in simplifying, summarizing, and improving the reading accessibility of complex commercial website privacy policies.","1. Curate a benchmark corpus of 102 comprehensive privacy policies from leading global corporations across diverse industry sectors.
2. Generate standardized plain-language interpretations using structured prompt engineering with ChatGPT-4.
3. Statistically test readability score differences between original policies and AI interpretations using validated readability metrics.",,"Quantitative computational linguistics study analyzing N=102 corporate privacy policies (Amazon, Apple, Meta, Google, Microsoft, Walmart, etc.). Generated standardized summaries in ChatGPT-4 using structured multi-turn chunking prompts. Evaluated readability using the Flesch-Kincaid Grade Level and Reading Ease formulas, tested via paired-samples t-tests and Cohen's d effect size.",,"ChatGPT enhanced readability in 56 of the 102 policies, but unexpectedly worsened overall mean readability scores across the entire corpus (M_original = 42.5 vs M_ChatGPT = 35.3, p < 0.001, d = 1.23). LLM interpretations often introduced secondary legal abstractions and complex syntactic structures, proving that naive generative AI summarization cannot be assumed to automatically democratize legal text comprehension.",
,"Towards Perceived Security, Perceived Privacy, and the Universal Design of E-Payment Applications",,"To investigate the tripartite relationship between perceived security, perceived privacy, and user interface usability in mobile electronic payment applications to establish universal design guidelines.","1. Develop an interactive high-fidelity e-payment mobile prototype incorporating cutting-edge authentication, QR-code payments, and privacy disclosures.
2. Conduct an empirical in-lab usability evaluation with diverse participants.
3. Formulate universal design recommendations bridging usability and security perceptions.",,"Mixed-methods laboratory usability study. Created a high-fidelity interactive prototype (Figma) and recruited N=12 diverse adult participants (screened from 16 applicants) for hands-on interactive task completion, followed by comprehensive semi-structured interviews evaluating security, privacy, and usability.",,"Usability strongly biases security perception: users frequently judge the cryptographic and transactional security of an e-payment app directly by the polish, layout, and visual fluency of its GUI. Participants endorsed biometric authentication and QR-code transfers but demanded granular control over app permissions, notification transparency, and simplified identity verification.",
,Evaluating Privacy Measures in Healthcare Apps Predominantly Used by Older Adults,,"To quantitatively evaluate the privacy protections, regulatory compliance, and data-handling transparency of mobile healthcare applications predominantly designed for and used by older adults.","1. Establish a comprehensive Privacy Risk Assessment Framework (PRAF) tailored for geriatric digital health.
2. Audit 28 mobile healthcare applications targeted at older adults.
3. Assess explicit compliance with HIPAA and GDPR, data breach disclosure policies, and third-party tracking disclosures.",,"Multi-dimensional privacy audit of N=28 healthcare apps targeted at older adults (telehealth, medication reminders, vital sign monitoring). Evaluated across regulatory compliance, data collection, third-party sharing, data retention, breach notification protocols, and usability/readability.",,"Significant privacy and regulatory voids exist in apps serving older adults: only 25% of apps explicitly complied with HIPAA, and only 18% adhered to GDPR. A staggering 79% of apps lacked any documented data breach notification protocol, leaving vulnerable aging users unaware when sensitive medical and personal data is compromised.",
,"Systematic Literature Review of Vulnerabilities and Defenses in VPNs, Tor, and Web Browsers",,"To conduct an exhaustive systematic literature review mapping architectural vulnerabilities, adversarial attack vectors, and defensive countermeasures across three core pillars of web privacy: VPNs, Tor, and web browsers.","1. Synthesize research on vulnerabilities in browser runtimes, extension APIs, and network-layer privacy tools.
2. Map common attack models including WebRTC IP leaks, DNS leaks, fingerprinting, memory forensics, and traffic correlation.
3. Evaluate proposed defenses and analyze systemic interactions between layered privacy technologies.",,Systematic Literature Review (SLR) filtering an initial corpus of 552 peer-reviewed articles down to N=19 high-impact studies based on rigorous inclusion criteria. Conducted architectural threat modeling and comparative analysis of defense mechanisms across network and application layers.,,"Standalone privacy tools provide brittle protection: VPNs frequently suffer from WebRTC and DNS IP leaks, browser extensions introduce massive privilege escalation surfaces, and Tor remains vulnerable to advanced traffic correlation and memory-resident forensics. Combining tools often introduces unexpected conflicts that degrade privacy rather than enhancing it.",
,Multi-Factor Authentication Application Assessment: Risk Assessment of Expert-Recommended MFA Mobile Applications,,To conduct a technical security and vulnerability assessment of expert-recommended mobile Multi-Factor Authentication (MFA) applications to evaluate whether security tools themselves introduce latent risk vectors.,"1. Conduct a thematic review of 2020 peer-reviewed MFA research.
2. Perform automated static security and permission vulnerability auditing of 10 leading expert-recommended MFA apps.
3. Identify cryptographic weaknesses, over-privileged permissions, and insecure third-party tracking components.",,"Multi-tool automated static application security testing (SAST) of N=10 expert-recommended MFA mobile apps (Google Authenticator, Microsoft Authenticator, Authy, Duo, Yubico Authenticator, etc.) combined with a thematic literature review of 2020 MFA research across ACM, Google Scholar, and ScienceDirect.",,"Even expert-recommended MFA applications suffer from alarming security defects: code-level vulnerabilities, weak cryptographic implementations, over-privileged Android permissions, and embedded third-party advertising/tracking libraries. Users seeking to bolster security by installing MFA tools inadvertently introduce new attack surfaces onto their devices.",
